<?xml version="1.0" encoding="UTF-8" ?>
<!DOCTYPE mapper PUBLIC "-//mybatis.org//DTD Mapper 3.0//EN" "http://mybatis.org/dtd/mybatis-3-mapper.dtd">
<mapper namespace="com.mall.backend.mapper.OrdersMapper">
    <!-- 根据用户ID查询订单 -->
    <select id="selectByUserId" resultType="com.mall.backend.model.entity.Orders">
        SELECT * FROM orders
        WHERE user_id = #{userId}
        ORDER BY create_time DESC
    </select>

    <!-- 根据订单状态查询订单 -->
    <select id="selectByStatus" resultType="com.mall.backend.model.entity.Orders">
        SELECT * FROM orders
        WHERE status = #{status}
        ORDER BY create_time DESC
    </select>

    <!-- 计算总销售额 -->
    <select id="selectTotalSales" resultType="java.math.BigDecimal">
        SELECT COALESCE(SUM(total_amount), 0)
        FROM orders
        WHERE status = 1
    </select>

    <!-- 获取最近7天销售趋势 -->
    <select id="selectSalesTrendLastSevenDays" resultType="com.mall.backend.model.dto.SalesTrendDTO">
        SELECT
            DATE(create_time) AS date,
            SUM(total_amount) AS salesAmount
        FROM orders
        WHERE create_time >= DATE_SUB(CURRENT_DATE, INTERVAL 7 DAY)
          AND status = 1
        GROUP BY DATE(create_time)
        ORDER BY date
    </select>
</mapper>